1404877,3.2.1.292 (MU3),InServ V400,4.0,496238592.0,361095168.0,3.2.1.292 (MU3),3.2.1.452 (P38),3.2.1.292 (MU3),3.2.1.292 (MU3),0,SAN,920-200009.D2,00006990,False,True,16384,32768,100
1615256,3.2.2.709 (MU6),HP_3PAR 7400,4.0,32309248.0,3878912.0,3.2.2.709 (MU6),3.2.2.809 (P165),3.2.2.709 (MU6),3.2.2.771 (P135),2,FXN,QR483-63001,PCMBUA7TM5B02J,True,True,8192,8192,100
1615925,3.2.2.709 (MU6),HP_3PAR 7400,4.0,407018496.0,109780992.0,3.2.2.709 (MU6),3.2.2.809 (P165),3.2.2.709 (MU6),3.2.2.771 (P135),0,FXN,QR483-63001,PCMBUA6TM4F0TG,True,True,8192,8192,100
1615962,3.2.2.709 (MU6),HP_3PAR 7400,2.0,56411136.0,45063168.0,3.2.2.709 (MU6),3.2.2.791 (P149),3.2.2.709 (MU6),3.2.2.771 (P135),0,FXN,QR483-63001,PCMBUA6TM4D0FD,True,True,8192,8192,100
1616826,3.2.2.530 (MU3),HP_3PAR 7200,2.0,77399040.0,7925760.0,3.2.2.530 (MU3),3.2.2.546 (P41),3.2.2.530 (MU3),3.2.2.530 (MU3),1,FXN,QR482-63001,PDHWNB6LM8K0N3,False,True,8192,4096,100
1621061,3.2.2.709 (MU6),HP_3PAR 7400,4.0,312174592.0,74496000.0,3.2.2.709 (MU6),3.2.2.791 (P149),3.2.2.709 (MU6),3.2.2.771 (P135),3,FXN,QR483-63001,PCMBUA7TM4U01U,False,True,8192,8192,100
1621119,3.3.1.460 (MU3),HPE_3PAR 7200,2.0,29270016.0,5578752.0,3.3.1.460 (MU3),3.3.1.460 (MU3),3.3.1.460 (MU3),3.3.1.460 (MU3),1,FXN,QR482-63001,PCMBUA5TM3X0D2,True,True,8192,4096,100
1631102,3.2.2.709 (MU6),HP_3PAR 7200,2.0,84894720.0,14657536.0,3.2.2.709 (MU6),3.2.2.809 (P165),3.2.2.709 (MU6),3.2.2.771 (P135),0,FXN,QR482-63001,PCMBUA6TM4I0C4,False,True,8192,4096,100
1631283,3.3.1.460 (MU3),HPE_3PAR 7400,4.0,231710720.0,19901440.0,3.3.1.460 (MU3),3.3.1.654 (P128),3.3.1.460 (MU3),3.3.1.522 (P58),2,FXN,QR483-63001,PCMBUA6TM4G1P4,False,True,8192,8192,100
1632591,3.2.2.709 (MU6),HP_3PAR 7200,2.0,61427712.0,21271552.0,3.2.2.709 (MU6),3.2.2.791 (P149),3.2.2.709 (MU6),3.2.2.771 (P135),1,FXN,QR482-63001,PDHWNB5TM6V20S,True,True,8192,4096,100
1634082,3.2.2.709 (MU6),HP_3PAR 7400,4.0,108666880.0,61625344.0,3.2.2.709 (MU6),3.2.2.725 (P99),3.2.2.709 (MU6),3.2.2.709 (MU6),0,FXN,QR483-63001,PCMBUA7TM4R16X,False,True,8192,8192,100
1638750,3.2.2.709 (MU6),HP_3PAR 7200,2.0,37054464.0,21993472.0,3.2.2.709 (MU6),3.2.2.809 (P165),3.2.2.709 (MU6),3.2.2.771 (P135),0,FXN,QR482-63001,PCMBUA8TM5M0R9,True,True,8192,4096,100
1645742,3.2.2.709 (MU6),HP_3PAR 7200,2.0,87134208.0,34050048.0,3.2.2.709 (MU6),3.2.2.774 (P138),3.2.2.709 (MU6),3.2.2.771 (P135),0,FXN,QR482-63001,PCMBUA8TM5N03Y,False,True,8192,4096,100
1648242,3.3.1.460 (MU3),HPE_3PAR 7400,2.0,66173952.0,41968640.0,3.3.1.460 (MU3),3.3.1.654 (P128),3.3.1.460 (MU3),3.3.1.522 (P58),1,FXN,QR483-63001,PDHWNB5TM6V05G,False,True,8192,8192,100
1650716,3.3.1.410 (MU2),HPE_3PAR 7200,2.0,163710976.0,59026432.0,3.3.1.410 (MU2),3.3.1.653 (P127),3.3.1.410 (MU2),3.3.1.552 (P90),1,FXN,QR482-63001,PCMBUA8TM5X0BL,False,True,8192,4096,100
1651534,3.2.2.709 (MU6),HP_3PAR 7200,2.0,6684672.0,5825536.0,3.2.2.709 (MU6),3.2.2.809 (P165),3.2.2.709 (MU6),3.2.2.771 (P135),1,FXN,QR482-63001,PCMBUB2TM6L0L7,False,True,8192,4096,100
1651774,3.2.2.709 (MU6),HP_3PAR 7200,2.0,54263808.0,10940416.0,3.2.2.709 (MU6),3.2.2.809 (P165),3.2.2.709 (MU6),3.2.2.771 (P135),0,FXN,QR482-63001,PCMBUA7TM5B070,True,True,8192,4096,100
1651990,3.2.2.709 (MU6),HP_3PAR 7200,2.0,40559616.0,38323200.0,3.2.2.709 (MU6),3.2.2.809 (P165),3.2.2.709 (MU6),3.2.2.771 (P135),1,FXN,QR482-63001,PCMBUA6TM4F0GO,True,True,8192,4096,100
1667175,3.2.2.709 (MU6),HP_3PAR 7200,2.0,12255232.0,4628480.0,3.2.2.709 (MU6),3.2.2.809 (P165),3.2.2.709 (MU6),3.2.2.771 (P135),1,FXN,QR482-63001,PDHWNB6LM7V0GU,True,True,8192,4096,100
1667677,3.2.2.612 (MU4),HP_3PAR 7200c,2.0,31195136.0,8828928.0,3.2.2.612 (MU4),3.2.2.800 (P161),3.2.2.612 (MU4),3.2.2.612 (MU4),0,FXN,QR511-63001,PDHWNB6LM8P11S,False,True,16384,4096,100
1675139,3.2.2.709 (MU6),HP_3PAR 7200,2.0,26738688.0,9530368.0,3.2.2.709 (MU6),3.2.2.809 (P165),3.2.2.709 (MU6),3.2.2.771 (P135),1,FXN,QR482-63001,PDHWNB6LM8A1ZY,False,True,8192,4096,100
1675749,3.2.2.709 (MU6),HP_3PAR 7200c,2.0,32923648.0,16653312.0,3.2.2.709 (MU6),3.2.2.791 (P149),3.2.2.709 (MU6),3.2.2.771 (P135),0,FXN,QR511-63001,PDHWNB6LM8U0WT,True,True,16384,4096,100
1687032,3.2.2.612 (MU4),HP_3PAR 7200c,2.0,40255488.0,10565632.0,3.2.2.612 (MU4),3.2.2.712 (P94),3.2.2.612 (MU4),3.2.2.612 (MU4),0,FXN,QR511-63001,PDHWNB6LM7V0BK,True,True,16384,4096,100
1688974,3.2.2.709 (MU6),HP_3PAR 7200c,2.0,61396992.0,30344192.0,3.2.2.709 (MU6),3.2.2.809 (P165),3.2.2.709 (MU6),3.2.2.771 (P135),0,FXN,QR511-63001,PDHWNB6LM9B0Q4,True,True,16384,4096,100
1689635,3.2.2.709 (MU6),HP_3PAR 7200,2.0,18284544.0,8933376.0,3.2.2.709 (MU6),3.2.2.791 (P149),3.2.2.709 (MU6),3.2.2.771 (P135),1,FXN,QR482-63001,PCMBUB2TM6L0IK,False,True,8192,4096,100
2M200209QW,4.5.15.9,HPE_3PAR A630,2.0,36597760.0,5051392.0,4.5.15.9,4.5.15.9,4.5.0.35,4.5.15.9,1,FXN,N9Z55-63004,PWDRQB1LMCW0F5,False,True,105152,25600,100
2M201406LN,3.3.2.159 (MU1),HPE_3PAR 8400,2.0,393233408.0,327108608.0,3.3.2.159 (MU1),3.3.2.159 (MU1),3.3.2.159 (MU1),3.3.2.159 (MU1),1,FXN,H6Y95-63001,PFLKQB5LMCV0LA,False,True,16384,16384,100
2M201504JM,4.5.15.9,HPE_3PAR A630,2.0,43917312.0,38925312.0,4.5.15.9,4.5.15.9,4.5.0.35,4.5.15.9,1,FXN,N9Z55-63004,PWDRQB1LMCW0C3,False,True,105152,25600,100
2M201708Q6,4.5.18.20,HPE_3PAR A630,2.0,58564608.0,52317184.0,4.5.18.20,4.5.18.20,4.5.0.35,4.5.15.9,0,FXN,N9Z55-63004,PWDRQB1LMCW058,True,True,105152,25600,100
2M202205GF,4.5.21.3,HPE_3PAR C630,2.0,200859648.0,174089216.0,4.5.21.3,4.5.21.3,4.5.0.35,4.5.15.9,0,FXN,N9Z55-63004,PWDRQB4LMD3011,True,True,105152,25600,100
2M203205PW,3.3.1.648 (MU5),HPE_3PAR 8200,2.0,13721600.0,3270656.0,3.3.1.648 (MU5),3.3.1.671 (P136),3.3.1.648 (MU5),3.3.1.648 (MU5),0,FXN,K2Q35-63001,PFLKQB5LMDV0FQ,True,True,16384,16384,100
2M210900R2,4.5.15.9,HPE_3PAR A650,4.0,263651328.0,146757632.0,4.5.15.9,4.5.15.9,4.5.0.35,4.5.15.9,1,FXN,N9Z57-63003,PWRCKB5LMDT0DY,False,True,210624,51200,100
2M215100C7,4.5.18.20,HPE_3PAR A650,4.0,102473728.0,69260288.0,4.5.18.20,4.5.18.20,4.5.0.35,4.5.15.9,0,FXN,N9Z57-63003,PWRCKB5LMFT02S,False,True,210624,51200,100
2M2229096Z,4.5.4.2,HPE_3PAR A630,2.0,18298880.0,8137728.0,4.5.4.2,4.5.3.12,4.5.0.35,4.5.3.12,1,FXN,N9Z55-63004,PWDRQB5LMFY00Y,True,True,105152,25600,100
2M223701RB,4.5.7.8,HPE_3PAR C650,2.0,76861440.0,51819520.0,4.5.7.8,4.5.7.8,4.5.0.35,4.5.7.8,1,FXN,N9Z57-63003,PWRCKB5LMGE0N9,False,True,210624,51200,100
2M2314011J,4.5.11.14,HPE_3PAR A650,4.0,527155200.0,259356672.0,4.5.11.14,4.5.11.14,4.5.0.35,4.5.11.14,2,FXN,N9Z57-63003,PWRCKB5LMGK00G,False,True,210624,51200,100
2M262003LH,3.3.2.159 (MU1),HPE_3PAR 8400,2.0,29278208.0,9133056.0,3.3.2.159 (MU1),3.3.2.168 (P10),3.3.2.159 (MU1),3.3.2.168 (P10),1,FXN,H6Y95-63001,PDSETB3LM1610Z,False,True,16384,16384,100
2M264702VQ,3.3.1.648 (MU5),HPE_3PAR 8200,2.0,153452544.0,48560128.0,3.3.1.648 (MU5),3.3.1.709 (P155),3.3.1.648 (MU5),3.3.1.648 (MU5),0,FXN,K2Q35-63001,PFLKQA3LM4906K,True,True,16384,16384,100
2M271902JJ,3.3.1.648 (MU5),HPE_3PAR 8450,4.0,71360512.0,21947392.0,3.3.1.648 (MU5),3.3.1.709 (P155),3.3.1.648 (MU5),3.3.1.648 (MU5),3,FXN,H6Z17-63001,PFLKQA4LM610GO,False,True,65536,32768,100
2M272502RW,3.3.1.648 (MU5),HPE_3PAR 8400,2.0,202227712.0,48061440.0,3.3.1.648 (MU5),3.3.1.648 (MU5),3.3.1.648 (MU5),3.3.1.648 (MU5),0,FXN,H6Y95-63001,PFLKQA4LM6908N,True,True,16384,16384,100
2M27290399,3.3.2.159 (MU1),HPE_3PAR 8200,2.0,21958656.0,13990912.0,3.3.2.159 (MU1),3.3.2.159 (MU1),3.3.2.159 (MU1),3.3.2.159 (MU1),1,FXN,K2Q35-63001,PFLKQB3LMBA0PN,False,True,16384,16384,100
2M274202BZ,3.3.1.648 (MU5),HPE_3PAR 8200,2.0,27426816.0,7298048.0,3.3.1.648 (MU5),3.3.1.725 (P173),3.3.1.648 (MU5),3.3.1.648 (MU5),0,FXN,K2Q35-63001,PFLKQB5LMDI064,True,True,16384,16384,100
2M274203FH,3.3.1.648 (MU5),HPE_3PAR 8200,2.0,18284544.0,10961920.0,3.3.1.648 (MU5),3.3.1.725 (P173),3.3.1.648 (MU5),3.3.1.648 (MU5),1,FXN,K2Q35-63001,PFLKQA3LM540NM,False,True,16384,16384,100
2M280200WR,3.3.1.648 (MU5),HPE_3PAR 8200,2.0,205062144.0,74966016.0,3.3.1.648 (MU5),3.3.1.725 (P173),3.3.1.648 (MU5),3.3.1.648 (MU5),0,FXN,K2Q35-63001,PFLKQD1LMIH04R,False,True,16384,16384,100
2M29210198,3.3.1.648 (MU5),HPE_3PAR 8200,2.0,24428544.0,13325312.0,3.3.1.648 (MU5),3.3.1.669 (P132),3.3.1.648 (MU5),3.3.1.648 (MU5),0,FXN,K2Q35-63001,PFLKQB4LMC00JN,True,True,16384,16384,100
2M29460HP1,4.5.11.14,HPE_3PAR A650,4.0,29278208.0,21041152.0,4.5.11.14,4.5.11.14,4.5.0.35,4.5.11.14,1,FXN,N9Z57-63003,PWRCKB1LMCS03X,False,True,210624,51200,100
2MK6100327,3.3.2.135,HPE_3PAR 8200,2.0,101396480.0,30637056.0,3.3.2.135,3.3.2.140 (P01),3.3.2.135,3.3.2.135,1,FXN,K2Q35-63001,PDSETB1LM9K0I8,False,True,16384,16384,100
2MK7400351,3.3.2.159 (MU1),HPE_3PAR 8400,4.0,84164608.0,62334976.0,3.3.2.159 (MU1),3.3.2.168 (P10),3.3.2.159 (MU1),3.3.2.168 (P10),2,FXN,H6Y95-63001,PFLKQA4LM7509D,False,True,16384,16384,100
2MK7510403,3.3.1.648 (MU5),HPE_3PAR 8200,2.0,109707264.0,33342464.0,3.3.1.648 (MU5),3.3.1.725 (P173),3.3.1.648 (MU5),3.3.1.648 (MU5),1,FXN,K2Q35-63001,PFLKQB1LM970MG,False,True,16384,16384,100
2MK8440095,3.3.1.410 (MU2),HPE_3PAR 8200,2.0,109824000.0,24329216.0,3.3.1.410 (MU2),3.3.1.653 (P127),3.3.1.410 (MU2),3.3.1.552 (P90),0,FXN,K2Q35-63001,PFLKQA8LM8801P,False,True,16384,16384,100
2MT909A6B4,3.3.1.648 (MU5),HPE_3PAR 8200,2.0,8945664.0,2477056.0,3.3.1.648 (MU5),3.3.1.725 (P173),3.3.1.648 (MU5),3.3.1.648 (MU5),1,FXN,K2Q35-63001,PFLKQB3LMBK0TA,False,True,16384,16384,100
2MT918A7LS,3.3.1.648 (MU5),HPE_3PAR 8200,2.0,8945664.0,2477056.0,3.3.1.648 (MU5),3.3.1.725 (P173),3.3.1.648 (MU5),3.3.1.648 (MU5),1,FXN,K2Q35-63001,PFLKQB3LMBH109,False,True,16384,16384,100
2MT918A7M4,3.3.1.648 (MU5),HPE_3PAR 8200,2.0,8945664.0,2477056.0,3.3.1.648 (MU5),3.3.1.725 (P173),3.3.1.648 (MU5),3.3.1.648 (MU5),1,FXN,K2Q35-63001,PFLKQB3LMBK0HG,False,True,16384,16384,100
2MT920A7WY,3.3.1.648 (MU5),HPE_3PAR 8200,2.0,8945664.0,2475008.0,3.3.1.648 (MU5),3.3.1.725 (P173),3.3.1.648 (MU5),3.3.1.648 (MU5),1,FXN,K2Q35-63001,PFLKQB3LMBH10S,False,True,16384,16384,100
2MT922A841,3.3.1.648 (MU5),HPE_3PAR 8200,2.0,8945664.0,2477056.0,3.3.1.648 (MU5),3.3.1.725 (P173),3.3.1.648 (MU5),3.3.1.648 (MU5),1,FXN,K2Q35-63001,PFLKQB4LMBM0VE,False,True,16384,16384,100
2MT923A87H,3.3.1.648 (MU5),HPE_3PAR 8200,2.0,8945664.0,2477056.0,3.3.1.648 (MU5),3.3.1.725 (P173),3.3.1.648 (MU5),3.3.1.648 (MU5),1,FXN,K2Q35-63001,PFLKQB4LMC612K,False,True,16384,16384,100
4C10372857,3.3.1.648 (MU5),HPE_3PAR 8200,2.0,87244800.0,5295104.0,3.3.1.648 (MU5),3.3.1.709 (P155),3.3.1.648 (MU5),3.3.1.648 (MU5),1,FXN,K2Q35-63001,PFLKQB5LMDV0QR,False,True,16384,16384,100
4C16359420,3.3.1.648 (MU5),HPE_3PAR 8400,4.0,15196160.0,946176.0,3.3.1.648 (MU5),3.3.1.725 (P173),3.3.1.648 (MU5),3.3.1.648 (MU5),1,FXN,H6Y95-63001,PFLKQB3LMB1052,False,True,16384,16384,100
4C17111115,3.3.1.648 (MU5),HPE_3PAR 8400,4.0,54853632.0,20686848.0,3.3.1.648 (MU5),3.3.1.709 (P155),3.3.1.648 (MU5),3.3.1.648 (MU5),0,FXN,H6Y95-63001,PFLKQA3LM5704B,True,True,16384,16384,100
4C17162049,3.3.1.648 (MU5),HPE_3PAR 8200,2.0,48025600.0,29215744.0,3.3.1.648 (MU5),3.3.1.695 (P150),3.3.1.648 (MU5),3.3.1.648 (MU5),0,FXN,K2Q35-63001,PFLKQA3LM540IB,True,True,16384,16384,100
4C18293295,3.3.1.648 (MU5),HPE_3PAR 8200,2.0,166404096.0,35648512.0,3.3.1.648 (MU5),3.3.1.725 (P173),3.3.1.648 (MU5),3.3.1.648 (MU5),0,FXN,K2Q35-63001,PFLKQA2LM370XR,False,True,16384,16384,100
4C18430405,3.3.1.460 (MU3),HPE_3PAR 8400,2.0,163418112.0,49073152.0,3.3.1.460 (MU3),3.3.1.654 (P128),3.3.1.460 (MU3),3.3.1.522 (P58),0,FXN,H6Y95-63001,PFLKQB3LMBA12A,False,True,16384,16384,100
4C18511747,3.3.1.648 (MU5),HPE_3PAR 8200,2.0,184576000.0,10848256.0,3.3.1.648 (MU5),3.3.1.695 (P150),3.3.1.648 (MU5),3.3.1.648 (MU5),0,FXN,K2Q35-63001,PFLKQA2LM4409W,True,True,16384,16384,100
4C19042747,3.3.1.410 (MU2),HPE_3PAR 8200,2.0,27443200.0,3992576.0,3.3.1.410 (MU2),3.3.1.530 (P76),3.3.1.410 (MU2),3.3.1.482 (P45),0,FXN,K2Q35-63001,PFLKQB4LMBN046,True,True,16384,16384,100
4C19063159,3.3.1.648 (MU5),HPE_3PAR 8200,2.0,10469376.0,1283072.0,3.3.1.648 (MU5),3.3.1.725 (P173),3.3.1.648 (MU5),3.3.1.648 (MU5),0,FXN,K2Q35-63001,PFLKQD1LMHT051,True,True,16384,16384,100
4C19235670,3.3.2.159 (MU1),HPE_3PAR 8200,2.0,83247104.0,55926784.0,3.3.2.159 (MU1),3.3.2.168 (P10),3.3.2.159 (MU1),3.3.2.168 (P10),1,FXN,K2Q35-63001,PFLKQB4LMC202I,False,True,16384,16384,100
4C19245867,3.3.2.159 (MU1),HPE_3PAR 8200,2.0,10469376.0,2094080.0,3.3.2.159 (MU1),3.3.2.168 (P10),3.3.2.159 (MU1),3.3.2.168 (P10),0,FXN,K2Q35-63001,PFLKQB5LMDV0OB,False,True,16384,16384,100
5UN8316FFS,3.3.1.648 (MU5),HPE_3PAR 20800_R2,6.0,2338947072.0,1191980032.0,3.3.1.648 (MU5),3.3.1.725 (P173),3.3.1.648 (MU5),3.3.1.648 (MU5),1,FXN,C8S87-63003,EWGPUA3KNAC001,True,True,196608,131072,100
5UN90775FF,3.3.2.159 (MU1),HPE_3PAR 9450,4.0,468582400.0,85354496.0,3.3.2.159 (MU1),3.3.2.168 (P10),3.3.2.159 (MU1),3.3.2.168 (P10),0,FXN,Q0E92-63003,EWDMHA4KNBR006,False,True,98304,131072,100
7CE632P1E2,3.3.1.410 (MU2),HPE_3PAR 8400,2.0,14639104.0,1979392.0,3.3.1.410 (MU2),3.3.1.653 (P127),3.3.1.410 (MU2),3.3.1.552 (P90),0,FXN,H6Y95-63001,PFLKQA2LM3605L,False,True,16384,16384,100
7CE803P194,3.2.2.709 (MU6),HP_3PAR 8200,2.0,43917312.0,9841664.0,3.2.2.709 (MU6),3.2.2.725 (P99),3.2.2.709 (MU6),3.2.2.709 (MU6),0,FXN,K2Q35-63001,PDSETB3LM9N0AB,True,True,16384,16384,100
7CE908P1G9,3.3.1.410 (MU2),HPE_3PAR 8200,2.0,13713408.0,11338752.0,3.3.1.410 (MU2),3.3.1.467 (P40),3.3.1.410 (MU2),3.3.1.410 (MU2),1,FXN,K2Q35-63001,PFLKQB4LMBP04O,False,True,16384,16384,100
7CE924P00M,3.3.1.648 (MU5),HPE_3PAR 8200,2.0,12214272.0,2141184.0,3.3.1.648 (MU5),3.3.1.725 (P173),3.3.1.648 (MU5),3.3.1.648 (MU5),1,FXN,K2Q35-63001,PFLKQB4LMCC057,False,True,16384,16384,100
7CE942P1UN,3.3.1.410 (MU2),HPE_3PAR 8200,2.0,148189184.0,71533568.0,3.3.1.410 (MU2),3.3.1.625 (P113),3.3.1.410 (MU2),3.3.1.552 (P90),0,FXN,K2Q35-63001,PFLKQB1LMA2076,False,True,16384,16384,100
BRL1430WSV,4.5.15.9,HPE_3PAR C630,2.0,296472576.0,87159808.0,4.5.15.9,4.5.15.9,4.5.0.35,4.5.15.9,0,FXN,N9Z55-63004,PWDRQB5LMFJ04B,True,True,105152,25600,100
CZ20040BPY,3.3.1.648 (MU5),HPE_3PAR 9450,4.0,527302656.0,182603776.0,3.3.1.648 (MU5),3.3.1.709 (P155),3.3.1.648 (MU5),3.3.1.648 (MU5),1,FXN,Q0E92-63003,EWDMHA2PUCXBWT,True,True,98304,131072,100
CZ20090JFC,3.3.1.648 (MU5),HPE_3PAR 8200,2.0,120594432.0,50566144.0,3.3.1.648 (MU5),3.3.1.725 (P173),3.3.1.648 (MU5),3.3.1.648 (MU5),1,FXN,K2Q35-63001,PFLKQB5LMCV0ME,False,True,16384,16384,100
CZ2010015Y,3.3.1.648 (MU5),HPE_3PAR 8200,2.0,127612928.0,50035712.0,3.3.1.648 (MU5),3.3.1.725 (P173),3.3.1.648 (MU5),3.3.1.648 (MU5),1,FXN,K2Q35-63001,PFLKQC1LMEX02P,False,True,16384,16384,100
CZ20110H3W,4.5.7.8,HPE_3PAR A630,2.0,29286400.0,12223488.0,4.5.7.8,4.5.7.8,4.5.0.35,4.5.7.8,1,FXN,N9Z55-63004,PWDRQB5LMDN08L,False,True,105152,25600,100
CZ201208R6,3.3.2.159 (MU1),HPE_3PAR 8200,2.0,42082304.0,5900288.0,3.3.2.159 (MU1),3.3.2.168 (P10),3.3.2.159 (MU1),3.3.2.168 (P10),0,FXN,K2Q35-63001,PFLKQB4LMCI0TG,False,True,16384,16384,100
CZ20360K78,3.3.2.159 (MU1),HPE_3PAR 8200,2.0,41164800.0,14768128.0,3.3.2.159 (MU1),3.3.2.168 (P10),3.3.2.159 (MU1),3.3.2.168 (P10),0,FXN,K2Q35-63001,PFLKQB5LMDZ06E,False,True,16384,16384,100
CZ210605C4,3.3.1.648 (MU5),HPE_3PAR 8400,4.0,49401856.0,33138688.0,3.3.1.648 (MU5),3.3.1.687 (P140),3.3.1.648 (MU5),3.3.1.648 (MU5),0,FXN,H6Y95-63001,PFLKQB5LME808Z,False,True,16384,16384,100
CZ210609XC,4.5.7.8,HPE_3PAR C630,2.0,294629376.0,96259072.0,4.5.7.8,4.5.7.8,4.5.0.35,4.5.7.8,1,FXN,N9Z55-63004,PWDRQB5LMEP06N,False,True,105152,25600,100
CZ211105GT,3.3.1.648 (MU5),HPE_3PAR 8200,2.0,14639104.0,5280768.0,3.3.1.648 (MU5),3.3.1.725 (P173),3.3.1.648 (MU5),3.3.1.648 (MU5),1,FXN,K2Q35-63001,PFLKQC1LMEP0DR,False,True,16384,16384,100
CZ211703NW,4.5.15.9,HPE_3PAR A630,2.0,36608000.0,18643968.0,4.5.15.9,4.5.15.9,4.5.0.35,4.5.15.9,0,FXN,N9Z55-63004,PWDRQB5LMDS05T,True,True,105152,25600,100
CZ212306Y2,4.5.11.14,HPE_3PAR A630,2.0,51251200.0,27657216.0,4.5.11.14,4.5.11.14,4.5.0.35,4.5.11.14,0,FXN,N9Z55-63004,PWDRQB4LMD3032,True,True,105152,25600,100
CZ22080GZ5,4.4.1.7,HPE_3PAR A630,2.0,43929600.0,3556352.0,4.4.1.7,4.4.1.7,4.4.0.47,4.4.0.59,0,FXN,N9Z55-63004,PWDRQB5LMFD0DW,False,True,105152,25600,100
CZ220909TQ,9.5.21.3,HPE Alletra 9060,4.0,205062144.0,120612864.0,9.5.21.3,9.5.21.3,4.5.0.35,9.5.15.9,0,FXN,R0P00-63001,PWRCEC6LMEZ00S,False,True,210624,51200,100
CZ22150HNS,3.3.1.648 (MU5),HPE_3PAR 8200,2.0,29286400.0,22786048.0,3.3.1.648 (MU5),3.3.1.725 (P173),3.3.1.648 (MU5),3.3.1.648 (MU5),1,FXN,K2Q35-63001,PFLKQC1LMET066,False,True,16384,16384,100
CZ22250FZQ,4.5.15.9,HPE_3PAR A650,2.0,117178368.0,23235584.0,4.5.15.9,4.5.15.9,4.5.0.35,4.5.15.9,1,FXN,N9Z57-63003,PWRCKB5LMGM0GM,False,True,210624,51200,100
CZ22250JC4,4.5.15.9,HPE_3PAR A630,2.0,36597760.0,30815232.0,4.5.15.9,4.5.15.9,4.5.0.35,4.5.15.9,1,FXN,N9Z55-63004,PWDRQB5LMGL02R,False,True,105152,25600,100
CZ222706HB,4.5.11.14,HPE_3PAR A650,4.0,175767552.0,48789504.0,4.5.11.14,4.5.11.14,4.5.0.35,4.5.11.14,2,FXN,N9Z57-63003,PWRCKB5LMGL001,False,True,210624,51200,100
CZ22290915,4.5.15.9,HPE_3PAR A630,2.0,43917312.0,12100608.0,4.5.15.9,4.5.15.9,4.5.0.35,4.5.15.9,0,FXN,N9Z55-63004,PWDRQB5LMGN0BC,True,True,105152,25600,100
CZ2236050Q,9.5.21.3,HPE Alletra 9060,2.0,87883776.0,32302080.0,9.5.21.3,9.5.21.3,4.5.0.35,9.5.15.9,0,FXN,R0P00-63001,PWRCED4LMGU01L,False,True,210624,51200,100
CZ22360JYD,4.5.7.8,HPE_3PAR A630,2.0,58572800.0,30897152.0,4.5.7.8,4.5.7.8,4.5.0.35,4.5.7.8,1,FXN,N9Z55-63004,PWDRQB5LMGF06M,False,True,105152,25600,100
CZ224107VJ,4.5.15.9,HPE_3PAR A650,4.0,117145600.0,84899840.0,4.5.15.9,4.5.15.9,4.5.0.35,4.5.15.9,3,FXN,N9Z57-63003,PWRCKD5LMH2031,False,True,210624,51200,100
CZ22470410,9.5.15.9,HPE Alletra 9080,4.0,1377533952.0,1174214656.0,9.5.15.9,9.5.15.9,4.5.0.35,9.5.15.9,0,FXN,R0N95-63001,PWRCED5LMH501S,True,True,675520,109568,100
CZ2301017V,4.5.11.14,HPE_3PAR C650,2.0,190343168.0,56057856.0,4.5.11.14,4.5.11.14,4.5.0.35,4.5.11.14,0,FXN,N9Z57-63003,PWRCKD5LMH809P,True,True,206528,55296,100
CZ230102QD,4.5.21.3,HPE_3PAR C630,2.0,50325504.0,30958592.0,4.5.21.3,4.5.21.3,4.5.0.35,4.5.15.9,1,FXN,N9Z55-63004,PWDRQC5LMH90GW,False,True,105152,25600,100
CZ23010K7Q,4.5.15.9,HPE_3PAR A630,2.0,29286400.0,20511744.0,4.5.15.9,4.5.15.9,4.5.0.35,4.5.15.9,0,FXN,N9Z55-63004,PWDRQC5LMH6070,True,True,105152,25600,100
CZ23090F4X,9.5.15.9,HPE Alletra 9060,4.0,937426944.0,503453696.0,9.5.15.9,9.5.15.9,4.5.0.35,9.5.15.9,2,FXN,R0P00-63001,PWRCED5LMHA0AX,False,True,210624,51200,100
CZ23120DFN,4.5.7.8,HPE_3PAR C630,2.0,36597760.0,25003008.0,4.5.7.8,4.5.7.8,4.5.0.35,4.5.7.8,0,FXN,N9Z55-63004,PWDRQC5LMHF00I,True,True,105152,25600,100
CZ231800T9,4.5.11.14,HPE_3PAR C650,2.0,58572800.0,5811200.0,4.5.11.14,4.5.11.14,4.5.0.35,4.5.11.14,1,FXN,N9Z57-63003,PWRCKB4LMD505W,False,True,206528,55296,100
CZ23180828,9.5.15.9,HPE Alletra 9060,2.0,131825664.0,41714688.0,9.5.15.9,9.5.15.9,4.5.0.35,9.5.15.9,0,FXN,R0P00-63001,PWRCED5LMHA0E5,True,True,210624,51200,100
CZ234201ZF,4.5.15.9,HPE_3PAR A670,2.0,87883776.0,71586816.0,4.5.15.9,4.5.15.9,4.5.0.35,4.5.15.9,1,FXN,N9Z59-63003,PWRCKD6LMID02C,False,True,414400,109568,100
CZ2403019G,9.5.18.20,HPE Alletra 9060,2.0,117178368.0,50926592.0,9.5.18.20,9.5.18.20,4.5.0.35,9.5.15.9,1,FXN,R0P00-63001,PWRCED5LMIP0EH,False,True,210624,51200,100
CZ25390099,3.3.1.648 (MU5),HPE_3PAR 8200,2.0,35794944.0,19476480.0,3.3.1.648 (MU5),3.3.1.725 (P173),3.3.1.648 (MU5),3.3.1.648 (MU5),1,FXN,K2Q35-63001,PDSETB1LM9E00R,False,True,16384,16384,100
CZ260101DL,3.3.1.648 (MU5),HPE_3PAR 8200,2.0,60835840.0,20077568.0,3.3.1.648 (MU5),3.3.1.695 (P150),3.3.1.648 (MU5),3.3.1.648 (MU5),0,FXN,K2Q35-63001,PDSETB3LM9Q281,True,True,16384,16384,100
CZ2649015Z,3.3.2.159 (MU1),HPE_3PAR 8200,2.0,82280448.0,42556416.0,3.3.2.159 (MU1),3.3.2.168 (P10),3.3.2.159 (MU1),3.3.2.168 (P10),1,FXN,K2Q35-63001,PFLKQB3LMB408I,False,True,16384,16384,100
CZ28520DKW,3.3.2.159 (MU1),HPE_3PAR 8400,4.0,417177600.0,72844288.0,3.3.2.159 (MU1),3.3.2.168 (P10),3.3.2.159 (MU1),3.3.2.168 (P10),3,FXN,H6Y95-63001,PFLKQB3LMBF0MG,False,True,16384,16384,100
CZ29130L4L,3.3.1.410 (MU2),HPE_3PAR 8200,2.0,18948096.0,8494080.0,3.3.1.410 (MU2),3.3.1.514 (P51),3.3.1.410 (MU2),3.3.1.482 (P45),1,FXN,K2Q35-63001,PFLKQB4LMBT04J,False,True,16384,16384,100
CZ29240245,3.3.1.410 (MU2),HPE_3PAR 8200,2.0,42082304.0,19347456.0,3.3.1.410 (MU2),3.3.1.552 (P90),3.3.1.410 (MU2),3.3.1.552 (P90),0,FXN,K2Q35-63001,PFLKQB4LMBX08L,True,True,16384,16384,100
CZ29420P3R,3.3.1.648 (MU5),HPE_3PAR 9450,4.0,527155200.0,228194304.0,3.3.1.648 (MU5),3.3.1.725 (P173),3.3.1.648 (MU5),3.3.1.648 (MU5),3,FXN,Q0E92-63003,EWDMHA2PUCP6LN,False,True,98304,131072,100
CZ3543KMP8,3.3.2.159 (MU1),HPE_3PAR 8200,2.0,43917312.0,11653120.0,3.3.2.159 (MU1),3.3.2.159 (MU1),3.3.2.159 (MU1),3.3.2.159 (MU1),1,FXN,K2Q35-63001,PDSETB1LM9F0T7,True,True,16384,16384,100
CZ3549RA6C,3.3.1.269 (MU1),HPE_3PAR 8200,2.0,258680832.0,113892352.0,3.3.1.269 (MU1),3.3.1.518 (P59),3.3.1.269 (MU1),3.3.1.269 (MU1),0,FXN,K2Q35-63001,PDSETB3LM9N0EL,False,True,16384,16384,100
CZ3553TKTM,3.3.1.648 (MU5),HPE_3PAR 8440,2.0,74006528.0,19610624.0,3.3.1.648 (MU5),3.3.1.725 (P173),3.3.1.648 (MU5),3.3.1.648 (MU5),1,FXN,H6Y97-63001,PDSETB1LM9L0O2,False,True,65536,32768,100
CZ3602WD23,3.3.1.648 (MU5),HPE_3PAR 8400,2.0,128999424.0,81221632.0,3.3.1.648 (MU5),3.3.1.725 (P173),3.3.1.648 (MU5),3.3.1.648 (MU5),1,FXN,H6Y95-63001,PDSETB3LM9O0OH,False,True,16384,16384,100
CZ3602WLX3,3.2.2.709 (MU6),HP_3PAR 8200,1.0,115580928.0,11593728.0,3.2.2.709 (MU6),3.2.2.791 (P149),3.2.2.709 (MU6),3.2.2.771 (P135),0,FXN,K2Q35-63001,PDSETB3LM9S07R,True,True,16384,16384,100
CZ36166V7C,3.3.1.648 (MU5),HPE_3PAR 8200,2.0,25618432.0,6681600.0,3.3.1.648 (MU5),3.3.1.695 (P150),3.3.1.648 (MU5),3.3.1.648 (MU5),1,FXN,K2Q35-63001,PDSETB3LM9Z02P,True,True,16384,16384,100
CZ3642WJK3,3.3.2.159 (MU1),HPE_3PAR 8400,4.0,186499072.0,51952640.0,3.3.2.159 (MU1),3.3.2.168 (P10),3.3.2.159 (MU1),3.3.2.168 (P10),1,FXN,H6Y95-63001,PFLKQA2LM30160,False,True,16384,16384,100
CZ36494P18,3.3.1.648 (MU5),HPE_3PAR 8200,2.0,90525696.0,50699264.0,3.3.1.648 (MU5),3.3.1.709 (P155),3.3.1.648 (MU5),3.3.1.648 (MU5),0,FXN,K2Q35-63001,PFLKQA1LM2506V,True,True,16384,16384,100
CZ3713RWFF,3.3.1.648 (MU5),HPE_3PAR 8200,2.0,84393984.0,38601728.0,3.3.1.648 (MU5),3.3.1.725 (P173),3.3.1.648 (MU5),3.3.1.648 (MU5),1,FXN,K2Q35-63001,PFLKQA3LM520TS,False,True,16384,16384,100
CZ3722470H,3.3.2.159 (MU1),HPE_3PAR 8200,2.0,96944128.0,25626624.0,3.3.2.159 (MU1),3.3.2.168 (P10),3.3.2.159 (MU1),3.3.2.168 (P10),1,FXN,K2Q35-63001,PFLKQA4LM67054,False,True,16384,16384,100
CZ372350KE,3.3.1.648 (MU5),HPE_3PAR 8200,2.0,19798016.0,3001344.0,3.3.1.648 (MU5),3.3.1.709 (P155),3.3.1.648 (MU5),3.3.1.648 (MU5),1,FXN,K2Q35-63001,PFLKQA4LM6506K,False,True,16384,16384,100
CZ37235PW5,3.3.1.648 (MU5),HPE_3PAR 8440,4.0,307593216.0,102035456.0,3.3.1.648 (MU5),3.3.1.725 (P173),3.3.1.648 (MU5),3.3.1.648 (MU5),0,FXN,H6Y97-63001,PFLKQA4LM6909D,False,True,65536,32768,100
CZ3732JLXN,3.3.1.648 (MU5),HPE_3PAR 8200,2.0,118910976.0,38686720.0,3.3.1.648 (MU5),3.3.1.725 (P173),3.3.1.648 (MU5),3.3.1.648 (MU5),0,FXN,K2Q35-63001,PFLKQA8LM7708V,True,True,16384,16384,100
CZ3733KD32,3.2.2.709 (MU6),HP_3PAR 8200,2.0,150822912.0,86576128.0,3.2.2.709 (MU6),3.2.2.791 (P149),3.2.2.709 (MU6),3.2.2.771 (P135),1,FXN,K2Q35-63001,PFLKQA8LM77049,False,True,16384,16384,100
CZ374201KH,3.3.1.648 (MU5),HPE_3PAR 20450,4.0,1230028800.0,510845952.0,3.3.1.648 (MU5),3.3.1.725 (P173),3.3.1.648 (MU5),3.3.1.648 (MU5),0,FXN,C8S83-60514,EVYBVA2PU815H7,False,True,196608,262144,100
CZ3742Y556,3.3.1.410 (MU2),HPE_3PAR 8200,2.0,289808384.0,30520320.0,3.3.1.410 (MU2),3.3.1.653 (P127),3.3.1.410 (MU2),3.3.1.552 (P90),0,FXN,K2Q35-63001,PFLKQA8LM770J5,True,True,16384,16384,100
CZ374876TJ,3.3.2.159 (MU1),HPE_3PAR 8200,2.0,21323776.0,9837568.0,3.3.2.159 (MU1),3.3.2.159 (MU1),3.3.2.159 (MU1),3.3.2.159 (MU1),1,FXN,K2Q35-63001,PFLKQB1LM940BM,False,True,16384,16384,100
CZ3751A9BJ,3.3.1.648 (MU5),HPE_3PAR 8400,2.0,357459968.0,331675648.0,3.3.1.648 (MU5),3.3.1.725 (P173),3.3.1.648 (MU5),3.3.1.648 (MU5),1,FXN,H6Y95-63001,PFLKQB1LM940FI,True,True,16384,16384,100
CZ3752BCHR,3.3.2.159 (MU1),HPE_3PAR 8400,4.0,468713472.0,98834432.0,3.3.2.159 (MU1),3.3.2.168 (P10),3.3.2.159 (MU1),3.3.2.168 (P10),0,FXN,H6Y95-63001,PFLKQB1LM94061,False,True,16384,16384,100
CZ3812V7E2,3.2.2.709 (MU6),HP_3PAR 8450,4.0,307507200.0,93435904.0,3.2.2.709 (MU6),3.2.2.809 (P165),3.2.2.709 (MU6),3.2.2.771 (P135),0,FXN,H6Z17-63001,PFLKQC1LMEK03T,True,True,65536,32768,100
CZ3817077C,3.3.1.410 (MU2),HPE_3PAR 8200,2.0,237797376.0,75373568.0,3.3.1.410 (MU2),3.3.1.568 (P96),3.3.1.410 (MU2),3.3.1.552 (P90),1,FXN,K2Q35-63001,PFLKQB1LMAA134,False,True,16384,16384,100
CZ38266S1H,3.3.1.410 (MU2),HPE_3PAR 8200,2.0,27443200.0,4349952.0,3.3.1.410 (MU2),3.3.1.653 (P127),3.3.1.410 (MU2),3.3.1.552 (P90),0,FXN,K2Q35-63001,PFLKQB3LMAP0B7,True,True,16384,16384,100
CZ3834B89F,3.3.1.648 (MU5),HPE_3PAR 8200,2.0,91422720.0,24764416.0,3.3.1.648 (MU5),3.3.1.725 (P173),3.3.1.648 (MU5),3.3.1.648 (MU5),1,FXN,K2Q35-63001,PFLKQA2LM320Q3,False,True,16384,16384,100
CZ3835BJXB,3.3.2.135,HPE_3PAR 8200,2.0,18284544.0,4244480.0,3.3.2.135,3.3.2.140 (P01),3.3.2.135,3.3.2.135,0,FXN,K2Q35-63001,PFLKQB3LMB1038,True,True,16384,16384,100
MXN5432013,3.3.1.648 (MU5),HPE_3PAR 8440,4.0,569020416.0,287538176.0,3.3.1.648 (MU5),3.3.1.669 (P132),3.3.1.648 (MU5),3.3.1.648 (MU5),2,FXN,H6Y97-63001,PDSETB1LM9K072,False,True,65536,32768,100
MXN6092BAM,3.3.1.648 (MU5),HPE_3PAR 8200,2.0,26910720.0,3947520.0,3.3.1.648 (MU5),3.3.1.725 (P173),3.3.1.648 (MU5),3.3.1.648 (MU5),1,FXN,K2Q35-63001,PDSETB3LM9U103,False,True,16384,16384,100
MXN6202K3N,3.3.1.648 (MU5),HPE_3PAR 8440,4.0,446300160.0,424771584.0,3.3.1.648 (MU5),3.3.1.725 (P173),3.3.1.648 (MU5),3.3.1.648 (MU5),3,FXN,H6Y97-63001,PDSETB3LM9O07Y,False,True,65536,32768,100
MXN6412Y7N,3.3.1.648 (MU5),HPE_3PAR 20450,4.0,307507200.0,233560064.0,3.3.1.648 (MU5),3.3.1.725 (P173),3.3.1.648 (MU5),3.3.1.648 (MU5),1,FXN,C8S83-60514,EVYBVA1KN4300N,True,True,196608,262144,100
MXN6422YX3,3.3.2.159 (MU1),HPE_3PAR 8400,2.0,252303360.0,229977088.0,3.3.2.159 (MU1),3.3.2.168 (P10),3.3.2.159 (MU1),3.3.2.168 (P10),0,FXN,H6Y95-63001,PFLKQA2LM320U7,True,True,16384,16384,100
MXN64932W9,3.3.2.159 (MU1),HPE_3PAR 20450,4.0,702873600.0,65271808.0,3.3.2.159 (MU1),3.3.2.168 (P10),3.3.2.159 (MU1),3.3.2.168 (P10),2,FXN,C8S83-60514,QVYBVA1D9500PC,False,True,196608,262144,100
MXN65133N4,3.2.2.709 (MU6),HP_3PAR 8200,1.0,26836992.0,5664768.0,3.2.2.709 (MU6),3.2.2.725 (P99),3.2.2.709 (MU6),3.2.2.709 (MU6),0,FXN,K2Q35-63001,PFLKQA3LM520BT,True,True,16384,16384,100
MXN70234PL,3.3.1.648 (MU5),HPE_3PAR 8440,4.0,313741312.0,167646208.0,3.3.1.648 (MU5),3.3.1.725 (P173),3.3.1.648 (MU5),3.3.1.648 (MU5),2,FXN,H6Y97-63001,PDSETB3LM9Z08D,False,True,65536,32768,100
SGH040XN19,4.5.3.12,HPE_3PAR A650,4.0,351436800.0,254042112.0,4.5.3.12,4.5.3.12,4.5.0.35,4.5.3.12,3,FXN,N9Z57-63003,PWRCKB5LME404Y,False,True,210624,51200,100
SGH043TBN2,4.5.15.9,HPE_3PAR A670,4.0,600412160.0,232121344.0,4.5.15.9,4.5.15.9,4.5.0.35,4.5.15.9,3,FXN,N9Z59-63003,PWRCKB5LMFY00H,False,True,414400,109568,100
SGH044TJGL,4.5.15.9,HPE_3PAR A670,4.0,1244934144.0,341843968.0,4.5.15.9,4.5.15.9,4.5.0.35,4.5.15.9,0,FXN,N9Z59-63003,PWRCKB4LMD80IA,False,True,414400,109568,100
SGH141WCM1,4.5.15.9,HPE_3PAR A670,4.0,629657600.0,297036800.0,4.5.15.9,4.5.15.9,4.5.0.35,4.5.15.9,0,FXN,N9Z59-63003,PWRCKB5LMFC04Y,True,True,414400,109568,100
SGH205W6X6,4.4.1.7,HPE_3PAR C630,2.0,179339264.0,83501056.0,4.4.1.7,4.4.1.7,4.4.0.47,4.4.0.59,1,FXN,N9Z55-63004,PWDRQB5LMFR038,True,True,105152,25600,100
SGH235SZ1S,4.5.15.9,HPE_3PAR A630,2.0,172009472.0,147899392.0,4.5.15.9,4.5.15.9,4.5.0.35,4.5.15.9,1,FXN,N9Z55-63004,PWDRQB5LMGZ0B1,False,True,105152,25600,100
SGH238TM25,4.5.12.1,HPE_3PAR A670,4.0,1054605312.0,642914304.0,4.5.12.1,4.5.11.14,4.5.0.35,4.5.11.14,2,FXN,N9Z59-63003,PWRCKB5LMGZ00H,False,True,414400,109568,100
SGH303WQTG,4.5.8.2,HPE_3PAR A630,2.0,95180800.0,86477824.0,4.5.8.2,4.5.7.8,4.5.0.35,4.5.7.8,1,FXN,N9Z55-63004,PWDRQC5LMH608L,False,True,105152,25600,100
SGH334MPKZ,4.5.15.9,HPE_3PAR A630,2.0,128092160.0,82899968.0,4.5.15.9,4.5.15.9,4.5.0.35,4.5.15.9,0,FXN,N9Z55-63004,PWDRQC5LMHT067,True,True,105152,25600,100
SGH350H3D1,4.5.21.3,HPE_3PAR A650,2.0,439418880.0,318737408.0,4.5.21.3,4.5.21.3,4.5.0.35,4.5.15.9,0,FXN,N9Z57-63003,PWRCKD6LMID00U,False,True,206528,55296,100
SGH844VNLK,3.3.1.410 (MU2),HPE_3PAR 20800,2.0,42549248.0,7080960.0,3.3.1.410 (MU2),3.3.1.653 (P127),3.3.1.410 (MU2),3.3.1.552 (P90),1,FXN,C8S83-60514,EVYBTA4KNA9004,False,True,98304,131072,100
1489301,3.2.2.709 (MU6),InServ V800,4.0,350060544.0,94630912.0,3.2.2.709 (MU6),3.2.2.791 (P149),3.2.2.709 (MU6),3.2.2.771 (P135),0,SAN,920-200009.D2,000075C8,True,True,32768,65536,100
1611962,3.2.2.709 (MU6),HP_3PAR 7200c,2.0,259096576.0,69921792.0,3.2.2.709 (MU6),3.2.2.809 (P165),3.2.2.709 (MU6),3.2.2.771 (P135),1,FXN,QR511-63001,PDHWNB5LM7P07K,False,True,16384,4096,100
1612934,3.2.2.709 (MU6),HP_3PAR 7200c,2.0,27426816.0,2652160.0,3.2.2.709 (MU6),3.2.2.809 (P165),3.2.2.709 (MU6),3.2.2.771 (P135),0,FXN,QR511-63001,PDHWNB7LM9K0BJ,False,True,16384,4096,100
1617523,3.2.2.709 (MU6),HP_3PAR 7400,4.0,134184960.0,111197184.0,3.2.2.709 (MU6),3.2.2.809 (P165),3.2.2.709 (MU6),3.2.2.771 (P135),1,FXN,QR483-63001,PCMBUA6TM4B0HL,False,True,8192,8192,100
1621968,3.3.1.410 (MU2),HPE_3PAR 7400,4.0,151586816.0,41434112.0,3.3.1.410 (MU2),3.3.1.653 (P127),3.3.1.410 (MU2),3.3.1.552 (P90),0,FXN,QR483-63001,PDHWNB5TM6R0ER,True,True,8192,8192,100
1622595,3.2.2.709 (MU6),HP_3PAR 7200,2.0,158686208.0,24237056.0,3.2.2.709 (MU6),3.2.2.809 (P165),3.2.2.709 (MU6),3.2.2.771 (P135),0,FXN,QR482-63001,PDHWNB5LM7T1F9,True,True,8192,4096,100
1625992,3.2.2.709 (MU6),HP_3PAR 7400,4.0,331448320.0,46248960.0,3.2.2.709 (MU6),3.2.2.791 (P149),3.2.2.709 (MU6),3.2.2.771 (P135),0,FXN,QR483-63001,PDHWNB6LM8H0JT,False,True,8192,8192,100
1634989,3.2.2.709 (MU6),HP_3PAR 7400,3.0,163250176.0,66792448.0,3.2.2.709 (MU6),3.2.2.809 (P165),3.2.2.709 (MU6),3.2.2.771 (P135),3,FXN,QR483-63001,PCMBUA8TM5F0FW,False,True,8192,8192,100
1641455,3.2.2.709 (MU6),HP_3PAR 7200c,2.0,38412288.0,6005760.0,3.2.2.709 (MU6),3.2.2.809 (P165),3.2.2.709 (MU6),3.2.2.771 (P135),1,FXN,QR511-63001,PDHWNB6LM9C0EJ,False,True,16384,4096,100
1646629,3.2.2.709 (MU6),HP_3PAR 7200,2.0,32243712.0,4444160.0,3.2.2.709 (MU6),3.2.2.791 (P149),3.2.2.709 (MU6),3.2.2.771 (P135),1,FXN,QR482-63001,PDHWNB5LM6Z0Q2,False,True,8192,4096,100
1647388,3.2.2.709 (MU6),HP_3PAR 7200,2.0,42489856.0,19745792.0,3.2.2.709 (MU6),3.2.2.791 (P149),3.2.2.709 (MU6),3.2.2.771 (P135),1,FXN,QR482-63001,PDHWNB5LM7L0OL,False,True,8192,4096,100
1648706,3.2.2.709 (MU6),HP_3PAR 7200,2.0,139742208.0,37300224.0,3.2.2.709 (MU6),3.2.2.725 (P99),3.2.2.709 (MU6),3.2.2.709 (MU6),0,FXN,QR482-63001,PCMBUA8TM5X05M,False,True,8192,4096,100
1649490,3.3.1.410 (MU2),HPE_3PAR 7400,4.0,41877504.0,22962176.0,3.3.1.410 (MU2),3.3.1.653 (P127),3.3.1.410 (MU2),3.3.1.552 (P90),3,FXN,QR483-63001,PDHWNB5LM7F0AF,False,True,8192,8192,100
1653730,3.2.2.709 (MU6),HP_3PAR 7400,4.0,320618496.0,64729088.0,3.2.2.709 (MU6),3.2.2.809 (P165),3.2.2.709 (MU6),3.2.2.771 (P135),3,FXN,QR483-63001,PCMBUB2TM6M0IX,False,True,8192,8192,100
1675486,3.2.2.709 (MU6),HP_3PAR 7400c,4.0,251715584.0,106871808.0,3.2.2.709 (MU6),3.2.2.750 (P119),3.2.2.709 (MU6),3.2.2.709 (MU6),0,FXN,QR512-63001,PDHWNB6LM8A1LT,False,True,16384,8192,100
1676052,3.3.1.460 (MU3),HPE_3PAR 7200c,2.0,82280448.0,31814656.0,3.3.1.460 (MU3),3.3.1.654 (P128),3.3.1.460 (MU3),3.3.1.522 (P58),1,FXN,QR511-63001,PDHWNB6LM8X03A,False,True,16384,4096,100
1685121,3.2.2.709 (MU6),HP_3PAR 7400,4.0,561889280.0,143890432.0,3.2.2.709 (MU6),3.2.2.809 (P165),3.2.2.709 (MU6),3.2.2.771 (P135),2,FXN,QR483-63001,PDHWNB5LM7H0CT,False,True,8192,8192,100
1687700,3.2.2.709 (MU6),HP_3PAR 7400c,2.0,121070592.0,37800960.0,3.2.2.709 (MU6),3.2.2.809 (P165),3.2.2.709 (MU6),3.2.2.771 (P135),0,FXN,QR512-63001,PDHWNB6LM8H126,True,True,16384,8192,100
1689801,3.2.2.709 (MU6),HP_3PAR 7200c,2.0,66592768.0,25559040.0,3.2.2.709 (MU6),3.2.2.809 (P165),3.2.2.709 (MU6),3.2.2.771 (P135),0,FXN,QR511-63001,PDHWNB6LM7Z009,True,True,16384,4096,100
2M2001084Q,3.3.2.159 (MU1),HPE_3PAR 8440,4.0,278298624.0,163364864.0,3.3.2.159 (MU1),3.3.2.168 (P10),3.3.2.159 (MU1),3.3.2.168 (P10),2,FXN,H6Y97-63001,PDSETB1LM9F00J,False,True,65536,32768,100
2M203704H1,4.5.15.9,HPE_3PAR A650,4.0,58556416.0,33073152.0,4.5.15.9,4.5.15.9,4.5.0.35,4.5.15.9,2,FXN,N9Z57-63003,PWRCKB5LMDT07A,False,True,210624,51200,100
2M203808K8,3.3.1.648 (MU5),HPE_3PAR 8200,2.0,45711360.0,28189696.0,3.3.1.648 (MU5),3.3.1.725 (P173),3.3.1.648 (MU5),3.3.1.648 (MU5),0,FXN,K2Q35-63001,PFLKQB5LMDI0TK,True,True,16384,16384,100
2M210803F3,4.3.3.2,HPE_3PAR C630,2.0,14639104.0,3890176.0,4.3.3.2,4.3.2.4,4.3.0.45,4.3.0.84,0,FXN,N9Z55-63004,PWDRQB5LMEB01N,True,True,103104,27648,100
2M211205YM,4.5.15.9,HPE_3PAR A630,2.0,29278208.0,5536768.0,4.5.15.9,4.5.15.9,4.5.0.35,4.5.15.9,0,FXN,N9Z55-63004,PWDRQB5LMEX07F,True,True,105152,25600,100
2M222402XN,4.5.15.9,HPE_3PAR A670,4.0,351535104.0,82666496.0,4.5.15.9,4.5.15.9,4.5.0.35,4.5.15.9,1,FXN,N9Z59-63003,PWRCKB5LMGM0CL,False,True,414400,109568,100
2M223204VK,4.5.7.8,HPE_3PAR A670,4.0,351535104.0,299497472.0,4.5.7.8,4.5.7.8,4.5.0.35,4.5.7.8,0,FXN,N9Z59-63003,PWRCKB5LMGM024,True,True,414400,109568,100
2M2310026B,4.5.21.3,HPE_3PAR A670,4.0,803618816.0,418285568.0,4.5.21.3,4.5.21.3,4.5.0.35,4.5.15.9,3,FXN,N9Z59-63003,PWRCKD5LMHF07D,False,True,414400,109568,100
2M231501Z3,4.5.7.8,HPE_3PAR A670,4.0,703070208.0,645105664.0,4.5.7.8,4.5.7.8,4.5.0.35,4.5.7.8,2,FXN,N9Z59-63003,PWRCKD5LMHF04C,False,True,414400,109568,100
2M2635012N,3.3.1.410 (MU2),HPE_3PAR 8400,4.0,352321536.0,137105408.0,3.3.1.410 (MU2),3.3.1.625 (P113),3.3.1.410 (MU2),3.3.1.552 (P90),1,FXN,H6Y95-63001,PFLKQA2LM300PA,True,True,16384,16384,100
2M271503RH,3.3.2.159 (MU1),HPE_3PAR 8200,2.0,344936448.0,177075200.0,3.3.2.159 (MU1),3.3.2.168 (P10),3.3.2.159 (MU1),3.3.2.168 (P10),0,FXN,K2Q35-63001,PFLKQA4LM670PW,False,True,16384,16384,100
2M274202BN,3.3.1.648 (MU5),HPE_3PAR 8200,2.0,18284544.0,11428864.0,3.3.1.648 (MU5),3.3.1.725 (P173),3.3.1.648 (MU5),3.3.1.648 (MU5),1,FXN,K2Q35-63001,PFLKQA8LM861EL,False,True,16384,16384,100
2M280501RJ,3.3.1.648 (MU5),HPE_3PAR 8440,4.0,474931200.0,207489024.0,3.3.1.648 (MU5),3.3.1.725 (P173),3.3.1.648 (MU5),3.3.1.648 (MU5),0,FXN,H6Y97-63001,PDSETB1LM9K0OH,True,True,65536,32768,100
2M281403PM,3.3.2.159 (MU1),HPE_3PAR 8440,2.0,345907200.0,202940416.0,3.3.2.159 (MU1),3.3.2.168 (P10),3.3.2.159 (MU1),3.3.2.168 (P10),1,FXN,H6Y97-63001,PFLKQA4LM67019,False,True,65536,32768,100
2M2842055X,3.3.2.159 (MU1),HPE_3PAR 8200,2.0,125100032.0,57917440.0,3.3.2.159 (MU1),3.3.2.159 (MU1),3.3.2.159 (MU1),3.3.2.159 (MU1),1,FXN,K2Q35-63001,PFLKQB3LMB50JP,False,True,16384,16384,100
2M291501MW,3.3.1.648 (MU5),HPE_3PAR 8440,4.0,117145600.0,85252096.0,3.3.1.648 (MU5),3.3.1.725 (P173),3.3.1.648 (MU5),3.3.1.648 (MU5),3,FXN,H6Y97-63001,PFLKQB4LMBP00Y,False,True,65536,32768,100
2M292806Z7,3.3.1.648 (MU5),HPE_3PAR 8200,2.0,236875776.0,60017664.0,3.3.1.648 (MU5),3.3.1.725 (P173),3.3.1.648 (MU5),3.3.1.648 (MU5),0,FXN,K2Q35-63001,PFLKQB4LMBS028,True,True,16384,16384,100
2MS919A0HV,3.3.2.135,HPE_3PAR 8200,2.0,221298688.0,181873664.0,3.3.2.135,3.3.2.135,3.3.2.135,3.3.2.135,1,FXN,K2Q35-63001,PFLKQA2LM4006H,False,True,16384,16384,100
2MT826A2P1,3.3.2.159 (MU1),HPE_3PAR 20800,4.0,1287602176.0,330933248.0,3.3.2.159 (MU1),3.3.2.159 (MU1),3.3.2.159 (MU1),3.3.2.159 (MU1),0,FXN,C8S83-60501,EECZCB3KNAY009,True,True,98304,131072,100
2MT914A709,3.3.1.648 (MU5),HPE_3PAR 8200,2.0,8945664.0,2477056.0,3.3.1.648 (MU5),3.3.1.725 (P173),3.3.1.648 (MU5),3.3.1.648 (MU5),0,FXN,K2Q35-63001,PFLKQB3LMBK04G,True,True,16384,16384,100
2MT919A7VK,3.3.1.648 (MU5),HPE_3PAR 8200,2.0,8945664.0,2477056.0,3.3.1.648 (MU5),3.3.1.725 (P173),3.3.1.648 (MU5),3.3.1.648 (MU5),1,FXN,K2Q35-63001,PFLKQB3LMBK0PF,False,True,16384,16384,100
2MT922A83Z,3.3.1.648 (MU5),HPE_3PAR 8200,2.0,8945664.0,2477056.0,3.3.1.648 (MU5),3.3.1.725 (P173),3.3.1.648 (MU5),3.3.1.648 (MU5),0,FXN,K2Q35-63001,PFLKQB4LMBN01O,True,True,16384,16384,100
2MT923A85Y,3.3.1.648 (MU5),HPE_3PAR 8200,2.0,8945664.0,2477056.0,3.3.1.648 (MU5),3.3.1.725 (P173),3.3.1.648 (MU5),3.3.1.648 (MU5),1,FXN,K2Q35-63001,PFLKQB3LMBK0XC,False,True,16384,16384,100
2MT923A86P,3.3.1.648 (MU5),HPE_3PAR 8200,2.0,8945664.0,2477056.0,3.3.1.648 (MU5),3.3.1.725 (P173),3.3.1.648 (MU5),3.3.1.648 (MU5),1,FXN,K2Q35-63001,PFLKQB3LMBK0NA,False,True,16384,16384,100
2MT926A8LW,3.3.1.648 (MU5),HPE_3PAR 8200,2.0,8945664.0,2477056.0,3.3.1.648 (MU5),3.3.1.725 (P173),3.3.1.648 (MU5),3.3.1.648 (MU5),0,FXN,K2Q35-63001,PFLKQB4LMC301L,True,True,16384,16384,100
4C10302285,3.3.2.159 (MU1),HPE_3PAR 8400,4.0,13959168.0,5969920.0,3.3.2.159 (MU1),3.3.2.168 (P10),3.3.2.159 (MU1),3.3.2.168 (P10),1,FXN,H6Y95-63001,PFLKQB5LMDV06C,False,True,16384,16384,100
4C16359443,3.3.2.159 (MU1),HPE_3PAR 8450,4.0,585728000.0,289635328.0,3.3.2.159 (MU1),3.3.2.159 (MU1),3.3.2.159 (MU1),3.3.2.159 (MU1),0,FXN,H6Z17-63001,PFLKQA3LM520PK,True,True,65536,32768,100
4C16424380,3.3.1.648 (MU5),HPE_3PAR 8440,2.0,43929600.0,39862272.0,3.3.1.648 (MU5),3.3.1.725 (P173),3.3.1.648 (MU5),3.3.1.648 (MU5),0,FXN,H6Y97-63001,PDSETB3LM9O0DY,True,True,65536,32768,100
4C16434494,3.3.2.159 (MU1),HPE_3PAR 8200,2.0,22364160.0,644096.0,3.3.2.159 (MU1),3.3.2.159 (MU1),3.3.2.159 (MU1),3.3.2.159 (MU1),0,FXN,K2Q35-63001,PFLKQB1LM9401L,False,True,16384,16384,100
4C17202487,3.3.1.410 (MU2),HPE_3PAR 8440,2.0,14639104.0,3611648.0,3.3.1.410 (MU2),3.3.1.625 (P113),3.3.1.410 (MU2),3.3.1.552 (P90),1,FXN,H6Y97-63001,PFLKQA4LM6713T,False,True,65536,32768,100
4C17273612,3.3.1.410 (MU2),HPE_3PAR 8400,2.0,43929600.0,14248960.0,3.3.1.410 (MU2),3.3.1.568 (P96),3.3.1.410 (MU2),3.3.1.552 (P90),1,FXN,H6Y95-63001,PFLKQA4LM740S6,True,True,16384,16384,100
4C17283751,3.3.1.648 (MU5),HPE_3PAR 8200,2.0,140572672.0,69700608.0,3.3.1.648 (MU5),3.3.1.709 (P155),3.3.1.648 (MU5),3.3.1.648 (MU5),1,FXN,K2Q35-63001,PFLKQA8LM770HO,False,True,16384,16384,100
4C17390024,3.3.1.410 (MU2),HPE_3PAR 8200,1.0,43929600.0,1758208.0,3.3.1.410 (MU2),3.3.1.625 (P113),3.3.1.410 (MU2),3.3.1.552 (P90),1,FXN,K2Q35-63001,PFLKQA8LM88001,True,True,16384,16384,100
4C17395977,3.3.1.648 (MU5),HPE_3PAR 8200,2.0,82329600.0,8057856.0,3.3.1.648 (MU5),3.3.1.695 (P150),3.3.1.648 (MU5),3.3.1.648 (MU5),0,FXN,K2Q35-63001,PFLKQB1LMAD0A5,False,True,16384,16384,100
4C18262659,3.3.1.410 (MU2),HPE_3PAR 8200,2.0,85196800.0,8093696.0,3.3.1.410 (MU2),3.3.1.625 (P113),3.3.1.410 (MU2),3.3.1.552 (P90),1,FXN,K2Q35-63001,PFLKQB1LMAD05X,False,True,16384,16384,100